Data,Client,BaseModelName,EvalDataSize,C-BLEU,METEOR,ROUGE-L
PythonOnly,0,codellama/CodeLlama-7b-Instruct-hf,2000,2.7844211132342026e-232,0.005885539324859458,"{'rouge-1': {'r': 0.009222382422245181, 'p': 0.0012705250579032022, 'f': 0.001970271218743497}, 'rouge-2': {'r': 0.0, 'p': 0.0, 'f': 0.0}, 'rouge-l': {'r': 0.009214317906116149, 'p': 0.0012666188079032022, 'f': 0.0019650080608487604}}"
PythonOnly,1,codellama/CodeLlama-7b-Instruct-hf,2000,2.4580827770847545e-232,0.004621702019464322,"{'rouge-1': {'r': 0.002548029223573846, 'p': 0.0004829787504297484, 'f': 0.0006848537234121311}, 'rouge-2': {'r': 0.0, 'p': 0.0, 'f': 0.0}, 'rouge-l': {'r': 0.002548029223573846, 'p': 0.0004829787504297484, 'f': 0.0006848537234121311}}"
PythonOnly,2,codellama/CodeLlama-7b-Instruct-hf,2000,2.499657891941072e-232,0.004364923504093169,"{'rouge-1': {'r': 0.0015420201308996415, 'p': 0.000446326589233697, 'f': 0.0005800810111184416}, 'rouge-2': {'r': 0.0, 'p': 0.0, 'f': 0.0}, 'rouge-l': {'r': 0.0015420201308996415, 'p': 0.000446326589233697, 'f': 0.0005800810111184416}}"
