Data,Client,BaseModelName,EvalDataSize,C-BLEU,METEOR,ROUGE-L
PythonOnly,0,codellama/CodeLlama-7b-Instruct-hf,2000,2.7303131093221387e-232,0.0048060854436574275,"{'rouge-1': {'r': 0.0018737470871421009, 'p': 0.0005908931189206261, 'f': 0.0007516114237712389}, 'rouge-2': {'r': 0.0, 'p': 0.0, 'f': 0.0}, 'rouge-l': {'r': 0.0018737470871421009, 'p': 0.0005908931189206261, 'f': 0.0007516114237712389}}"
PythonOnly,1,codellama/CodeLlama-7b-Instruct-hf,2000,2.8363864171232098e-232,0.004899212261707259,"{'rouge-1': {'r': 0.0028276327166394328, 'p': 0.0006720256778187098, 'f': 0.00091967854981904}, 'rouge-2': {'r': 0.0, 'p': 0.0, 'f': 0.0}, 'rouge-l': {'r': 0.0028276327166394328, 'p': 0.0006720256778187098, 'f': 0.00091967854981904}}"
PythonOnly,2,codellama/CodeLlama-7b-Instruct-hf,2000,2.709468123353598e-232,0.005269598253958114,"{'rouge-1': {'r': 0.0025860246660273064, 'p': 0.0006244039959594138, 'f': 0.000847740067502246}, 'rouge-2': {'r': 0.0, 'p': 0.0, 'f': 0.0}, 'rouge-l': {'r': 0.0025860246660273064, 'p': 0.0006244039959594138, 'f': 0.000847740067502246}}"
