Data,Client,BaseModelName,EvalDataSize,C-BLEU,METEOR,ROUGE-L
PythonOnly,0,NousResearch/Llama-2-7b-hf,2000,2.6271694715848017e-232,0.003073643154907659,"{'rouge-1': {'r': 0.002783948507925347, 'p': 0.0007876896428499699, 'f': 0.0009766939850753473}, 'rouge-2': {'r': 0.0, 'p': 0.0, 'f': 0.0}, 'rouge-l': {'r': 0.002783948507925347, 'p': 0.0007876896428499699, 'f': 0.0009766939850753473}}"
PythonOnly,1,NousResearch/Llama-2-7b-hf,2000,2.214654201186534e-232,0.0039935636177130095,"{'rouge-1': {'r': 0.0009598883358169756, 'p': 0.00030336973691801294, 'f': 0.0003991528382136415}, 'rouge-2': {'r': 0.0, 'p': 0.0, 'f': 0.0}, 'rouge-l': {'r': 0.0009598883358169756, 'p': 0.00030336973691801294, 'f': 0.0003991528382136415}}"
PythonOnly,2,NousResearch/Llama-2-7b-hf,2000,2.213044373981523e-232,0.003217859677574401,"{'rouge-1': {'r': 0.0016439180095443177, 'p': 0.0005073125421308623, 'f': 0.000628068782655342}, 'rouge-2': {'r': 0.0, 'p': 0.0, 'f': 0.0}, 'rouge-l': {'r': 0.0016439180095443177, 'p': 0.0005073125421308623, 'f': 0.000628068782655342}}"
